ques_bleu,ques_meteor,ques_rouge_l,ques_BERTScore,rewrites_bleu,rewrites_meteor,rewrites_rouge_l,rewrites_BERTScore
0.780180606664602,0.887176684899925,0.8722416419365454,tensor(0.9456),0.3705396882632036,0.6371809305491309,0.6710342220693379,tensor(0.8605)
