模型名字,平均 BLEU 分数,平均 METEOR 分数,平均 ROUGE-L 分数
internlm2_5,0.2783906116833296,0.6074177734920571,0.6573576636070113
,输入文本,生成问题,参考问题,BLEU,METEOR,ROUGE-L
,"[['长江武汉航道局', '管辖', '715.2公里']]",长江武汉航道局管辖的航道长度是多少公里,你知道长江武汉航道局管多少个地方吗,3.965294799986402e-78,0.37500000000000006,0.4
,"[['东瓯王', '主要事件', '抗秦反秦，助汉击楚。']]",东瓯王的主要事件是什么,东瓯王发生的主要事件是什么,0.6129752413741056,0.8757427021441488,0.9446902654867256
,"[['山西省铸造新工艺工程技术研究中心', '机构类型', '研究开发机构']]",山西省铸造新工艺工程技术研究中心是什么类型的机构,山西省铸造新工艺工程技术研究中心是什么的管辖的啊,0.6381941796682009,0.7521527129370266,0.7887931034482759
,"[['丘堤', '儿媳', '籍虹']]",籍虹是谁的儿媳,你知道谁是丘堤的儿媳吗,5.474607971919403e-155,0.40990259740259744,0.48157894736842105
,"[['国民军', '参与战争', '直奉战争、北伐战争、中原大战、抗日战争']]",国民军参与了哪些战争,国民军参与过什么战争,9.283142785759642e-155,0.5111111111111111,0.6
,"[['诺基亚lumia1320', '主屏尺寸', '6英寸']]",诺基亚Lumia1320的主屏尺寸是多少,你知道诺基亚lumia1320的主屏尺寸是多少吗,0.41917424905767126,0.7205975173574584,0.7290836653386453
