模型名字,BLEU,METEOR,ROUGE-L,BERTScore
bart,0.29225866991839483,0.6308773885948636,0.6318926782001649,tensor(0.8647)
