ques_bleu,ques_meteor,ques_rouge_l,ques_BERTScore,rewrites_bleu,rewrites_meteor,rewrites_rouge_l,rewrites_BERTScore
0.29247260287009597,0.6328158005656834,0.631826780123614,tensor(0.8647),0.25147761032638344,0.5731761942465871,0.5966087984414783,tensor(0.8483)
