ques_bleu,ques_meteor,ques_rouge_l,ques_BERTScore,rewrites_bleu,rewrites_meteor,rewrites_rouge_l,rewrites_BERTScore
0.2592206900409986,0.6099795720432812,0.49471184985638844,tensor(0.7772),0.2695297514444439,0.576825325256701,0.5581959622793541,tensor(0.8138)
