ques_bleu,ques_meteor,ques_rouge_l,ques_BERTScore,rewrites_bleu,rewrites_meteor,rewrites_rouge_l,rewrites_BERTScore
0.36193575739942235,0.6886311035560249,0.6705737835858261,tensor(0.8800),0.2209410519008237,0.546410757933948,0.5806445879086986,tensor(0.8391)
