ques_bleu,ques_meteor,ques_rouge_l,ques_BERTScore,rewrites_bleu,rewrites_meteor,rewrites_rouge_l,rewrites_BERTScore
0.34271479844763547,0.6764513749006354,0.6617029647674448,tensor(0.8767),0.34271479844763547,0.6764513749006354,0.6617029647674448,tensor(0.8767)
