ques_bleu,ques_meteor,ques_rouge_l,ques_BERTScore,rewrites_bleu,rewrites_meteor,rewrites_rouge_l,rewrites_BERTScore
0.05562410488931749,0.3919610534678859,0.46081396158156035,tensor(0.7346),0.07325414205596086,0.387477652932198,0.4761749660094936,tensor(0.7414)
