模型名字,平均 BLEU 分数,平均 METEOR 分数,平均 ROUGE-L 分数
Randeng_NLPCC_02_02_22_34,0.4895165595053999,0.642009719242187,0.10884065934065934
